id,balance,limit
5318582489672,3266.33,5000
5238068068627,4551.57,5000
1392426199840,1780.99,5000
7822658876363,1604.38,5000
4385479520453,2360.83,5000
2091811179292,397.77,5000
7774561385116,1122.45,5000
7715231024416,4602.99,5000
4258453740176,1719.22,5000
9280540803106,4108.45,5000
6333746370340,117.9,5000
9252499157886,659.08,5000
4809212846049,2861.33,5000
5605650448528,2473,5000
2649642624693,1203.71,5000
9523921198070,168.57,5000
9773822327492,2060.94,5000
5205643591848,1315.43,5000
4103040437995,561.51,5000
5444274559892,2898.02,5000
5563875776024,2824.84,5000
9674468761211,3081.75,5000
7688669526953,3057.92,5000
9505932996626,3035.21,5000
3080299400391,1087.58,5000
8293082600310,4519.6,5000
5813271423964,4165.07,5000
7507275642212,4546.07,5000
2798002889673,544.08,5000
9540047574009,4935.77,5000
7725431440226,1722.69,5000
5450780492406,905.02,5000
9479425662099,1571.71,5000
2781769952833,3936.59,5000
6622901985363,4678.3,5000
6359933872728,3106.96,5000
7629475502571,3311.78,5000
8056609636365,600.77,5000
5974926196469,1111.44,5000
2662600240724,52.88,5000
5265517853824,4996.4,5000
9259614051635,113.71,5000
2890073728994,1359.4,5000
3519459565875,545.68,5000
6795926918429,3328.08,5000
1761558080980,3802.09,5000
5736800290685,2323.1,5000
8823607399803,1684.88,5000
4937167030058,3567.8,5000
2583981371334,2405.26,5000
8872151610598,702.17,5000
1074570259987,3634.67,5000
4050356325694,4039.71,5000
5347493773021,369.16,5000
4024359282009,869.54,5000
5548731757605,1709.54,5000
5335252518388,2345.3,5000
6394568693108,633.52,5000
1385058215357,1935.75,5000
6616401576306,3520.03,5000
8880838684587,2832.2,5000
7393356019192,1051.25,5000
1997237235114,2924.86,5000
4489566699001,4545.13,5000
2406790701172,1281.06,5000
7913430365109,1781.44,5000
4486750585449,2227.24,5000
9722075019671,395.97,5000
1345363259826,2653.05,5000
4466547603354,2547.39,5000
5841738298635,3584.11,5000
6915062003866,458.28,5000
7714618723757,2895.74,5000
3015423440191,1578.3,5000
5854480821853,4111.13,5000
6801239096177,3744.59,5000
6396072186322,1794.47,5000
9777846075920,4326.93,5000
6572964282152,4205.32,5000
6044555620726,3384.77,5000
1634827761950,4939.37,5000
8551608587529,1227.45,5000
5788856478510,3350.78,5000
2624201324477,2202.79,5000
9396926812441,4149.02,5000
6575266020504,4901.22,5000
6788654804544,3465.83,5000
6609020003600,1485.91,5000
3165944489006,2430.1,5000
9175822119558,2104.86,5000
3228817027780,310.14,5000
3301717848656,4046.44,5000
8268795544138,616.68,5000
2431357635415,3874.41,5000
7236588794141,752.27,5000
9042997765534,2393.69,5000
3124776838506,1527.18,5000
9699760780691,1414.29,5000
7200154053118,3486.66,5000
1451929852992,3159.66,5000
8695062199752,4753.35,5000
3166063263181,3479.98,5000
4645873948841,3407.73,5000
9962319599668,2216.48,5000
8649345310579,2157.45,5000
2659273310317,1633.07,5000
8211666470743,3605.14,5000
8708679816295,2162.37,5000
3335816603167,2444.29,5000
3743721050609,3052.83,5000
5704316432784,3862.36,5000
8143185583650,1246.15,5000
6023402232829,4436.8,5000
4438281502223,1788,5000
8943237493841,1885.54,5000
6224446858687,657.69,5000
3200180165480,3951.22,5000
9335546235083,4360.2,5000
9950535263110,4199.99,5000
9977441068463,3082.02,5000
7296102415450,3298.32,5000
3308655930207,1456.83,5000
5452400123541,3921.11,5000
9738103991522,1310.08,5000
6604798639268,4147.99,5000
8561997032495,2141.59,5000
1238969669472,2128.47,5000
5954494896026,2134.56,5000
9296871243889,184.14,5000
9092592824635,2465.43,5000
8781659149519,4444.74,5000
1167264775973,3116.55,5000
7207940606024,4934.23,5000
9773140447099,3889.26,5000
2293363122012,4833.07,5000
3903588741351,137,5000
3039726232197,3337.01,5000
8723442757162,4749.14,5000
9276636043108,4475.96,5000
4559225780337,1927.85,5000
4487224428173,1243.73,5000
1339765282824,2647.6,5000
6737377259431,2068.2,5000
9458884485283,4374.81,5000
6403730136601,530.13,5000
7982224093320,2499.8,5000
4195536780606,994.25,5000
7049606047595,4916.68,5000
7930273951822,2179.8,5000
5308301275335,4197.93,5000
9884320068477,339.24,5000
2538473753921,4425.01,5000
4049598263389,3692.89,5000
4750373348315,3459.39,5000
2909672512516,637.68,5000
8561505948807,907.77,5000
7679209919255,2923.01,5000
9124938483517,3242.66,5000
9117082400408,60.49,5000
8543737582349,2185.85,5000
4649671547539,343.93,5000
9713926724902,4592.35,5000
8346526053398,1587.79,5000
5006521378894,202.92,5000
2665807922801,3146.41,5000
9218433775404,4082.47,5000
4462892858388,643.86,5000
7099891172257,104,5000
7300606647702,935.27,5000
9474953006322,1220.59,5000
7422181022477,4817.71,5000
7297505487619,793.58,5000
4773722226313,549.2,5000
1054661620982,3109.85,5000
5499441297342,4872.62,5000
3509362201206,2250.49,5000
1276659680839,4079.15,5000
9279766401496,3504.68,5000
9007082824339,713.02,5000
1502884608034,83.06,5000
1432629622296,1200.68,5000
3662041002785,4460.44,5000
5314124724526,342.03,5000
6086968713525,1264.77,5000
8047221274114,870.29,5000
4568639843905,4880.88,5000
5557178836177,4968.66,5000
8008235407527,3047.63,5000
5133239437236,3529.27,5000
9699681994499,96.55,5000
6210878651152,693.06,5000
1976845543523,2932.08,5000
6933369945510,2672.68,5000
6507253051093,2830.63,5000
2932804088087,2956.72,5000
5139985081430,3994.27,5000
9620131511346,909.27,5000
7177100587660,4618.29,5000
2802038489526,1869.17,5000
3372583355904,2942.31,5000
6067215887172,4777.69,5000
9424406869698,4763.74,5000
2328176128049,4506.94,5000
7439379617789,267.9,5000
5961995449562,227.2,5000
1699130217202,4905.66,5000
2051234056736,3827.32,5000
3597228093197,2366.39,5000
1716788459325,752.25,5000
3011653670538,4647.69,5000
2225230383516,1087.31,5000
8300097601083,1839,5000
7661517839725,3681.29,5000
6265055769617,1114.37,5000
9399358027535,4309.41,5000
5720057171443,3528.14,5000
3416140625084,3736.34,5000
4726384615349,154.63,5000
3300918535242,681.58,5000
2284913359128,2355.38,5000
4214836779537,3817.15,5000
3731687221600,2136.64,5000
6533677498381,3173.85,5000
9135537036836,3596.5,5000
9406440117767,4909.52,5000
3884414123135,3768.39,5000
4777339011656,4658.79,5000
3518734632399,2810.22,5000
9138973560291,4703.39,5000
7138187424089,747.22,5000
8847314971884,2755.92,5000
9502706541360,2051.48,5000
3203252030310,3939.35,5000
8588801160726,4329.04,5000
1089491332088,41.95,5000
9812000056256,2967.7,5000
4063107020097,332.33,5000
2202235942543,2560.39,5000
9692379631997,2502.62,5000
2986043351823,2591.66,5000
6562840907236,393.83,5000
5127562405069,3467.13,5000
8101064618794,4973.64,5000
3909857242099,2538.28,5000
9517872950390,2418.14,5000
6814056809853,2028.86,5000
4791105454464,870.56,5000
2221403811507,1592.15,5000
4315781156836,939.41,5000
1468971635717,4104.86,5000
6774988595842,3084.06,5000
3945442587978,2845.62,5000
4736255180817,2404.99,5000
6172856662846,958.28,5000
5795090113231,4440.12,5000
7351606767775,2077.78,5000
1342083872315,1402.03,5000
5708933871537,2356.39,5000
7947764592629,3999.96,5000
1831394805644,4987.54,5000
1986294863798,1391.51,5000
6974420819481,3644.18,5000
9749372446641,796.3,5000
8422437861690,2357.91,5000
1979248472587,4475.07,5000
5774404408223,978.19,5000
9734450845218,2771.07,5000
5608976209668,3561.78,5000
4646183263092,4741.2,5000
3850151668602,3695.23,5000
7746865546227,4152.48,5000
4390133401679,3091.96,5000
3643804872677,3476.73,5000
8871305255236,1274.25,5000
1048316317989,4641.25,5000
1335183175167,1137.84,5000
6463418915918,1405.59,5000
5222372767895,3253.73,5000
9755794843871,4607.9,5000
1931055165811,3036.09,5000
2432301177369,513.2,5000
6449628837831,3177.46,5000
4354587436870,2494.4,5000
4039476056261,2287.61,5000
8013719189217,3269.52,5000
3164817738661,165,5000
7835932914231,516.01,5000
2430149890166,275.96,5000
8362367491918,1628.75,5000
7650930674949,4593.22,5000
6363841362301,947.27,5000
9090609141948,3609.01,5000
7373649382513,177.73,5000
2499772970437,4286.5,5000
5398632572796,4781.85,5000
5961248799032,2191.79,5000
7516230529057,667.25,5000
8804877890044,4076.27,5000
9357161765826,3139.11,5000
8696761402492,2175.28,5000
6664210838894,4116.53,5000
1566783296826,1880.45,5000
9899796944772,3539.99,5000
8085762935717,117.52,5000
8071877396870,2976.98,5000
1056694346839,2966.47,5000
8440575161361,3790.63,5000
4662891837875,390.16,5000
9841905060584,1888.74,5000
5878513324836,4998.52,5000
4835971960945,3984.31,5000
9641391057749,4623.17,5000
4614337893608,1113.24,5000
7762715987752,2813.94,5000
4269736483731,1919.86,5000
6526789045668,2469.58,5000
5872221212842,4270.94,5000
6379442250041,3353.14,5000
1549956578230,3580.57,5000
1416887615226,4284.1,5000
3210581756082,2655.81,5000
2307818356232,1585.65,5000
5534586032840,4585.98,5000
3016221216355,2879.47,5000
2921509479843,472.45,5000
8454816082388,2008.73,5000
2140169211668,41.69,5000
5015094250988,680.2,5000
7707701040724,1992.62,5000
4422228459879,2281.81,5000
2812473978531,2443.51,5000
8767444846601,3267.86,5000
2030661485310,1643.81,5000
3504100928988,2287.56,5000
3160786552471,1365.44,5000
9849130111398,1104.13,5000
6707775715464,4628.95,5000
3140747676066,2150.82,5000
2614654245018,4169.75,5000
2386639676253,4271.67,5000
1560441498635,2082.22,5000
2291263502177,1855.92,5000
5172183315711,3767.41,5000
2613269391155,4449.4,5000
5200508396205,3976.24,5000
5884189794609,4589.05,5000
9731987056059,2926.17,5000
2101535428981,4321.62,5000
2437722555105,4262.3,5000
2292958944212,3367.18,5000
8998942324077,1695.98,5000
1442369533965,2490.36,5000
2144282979551,1653.23,5000
3836070733410,1014.71,5000
6148048436567,1026.55,5000
5824672325959,3511.52,5000
3018907846671,1629.57,5000
9817214338646,2681.58,5000
6051836065368,7.97,5000
2874199158686,2500.61,5000
1193689048571,2104.41,5000
2253999049363,4566.48,5000
9651191009808,3611.58,5000
7663840538862,890.49,5000
7530653673988,4753.73,5000
7601047117044,1958.1,5000
7795913874301,2313.21,5000
6154016109049,4324.04,5000
7634156442861,3354.24,5000
6438618837906,2897.91,5000
9393043526137,4135.74,5000
4753939825906,349.41,5000
2460864305098,2668.46,5000
4439471526119,2259.32,5000
3552456899914,4708.78,5000
6438630277728,1449,5000
1384582171994,500.97,5000
3415759685956,2395.12,5000
4187774123251,3804.68,5000
8935840454889,997.22,5000
6546584493722,2705.49,5000
2713906302797,331.71,5000
9446731693200,2608.87,5000
1355176948175,3069.89,5000
2950403240836,3479.84,5000
9003673006037,3183.97,5000
9251652508480,1832.07,5000
6588741441090,4262.8,5000
2582886104143,4936.54,5000
1229652173871,2665.12,5000
6575831569103,702.7,5000
2971230631482,1140.69,5000
1204043296664,3903.7,5000
7625879127696,1324.46,5000
6766680641230,1076.68,5000
8002208098364,335.8,5000
1393320624159,472.55,5000
7346804925698,3633.74,5000
4704440255714,1261.9,5000
1703506894190,3092.89,5000
9680423173577,3868.06,5000
5358727766990,2750.35,5000
8620588218876,3307.96,5000
4770098172148,1510.89,5000
3381027639197,2268.89,5000
2023770807988,2564.3,5000
6502863156990,814.79,5000
4333240887821,637.32,5000
2102906862514,1499.25,5000
9043018726334,1229.39,5000
3615559099670,1365.07,5000
8468876346049,4533.37,5000
5619082604535,3823.39,5000
8110502290821,1394.02,5000
3195025170672,4786.16,5000
1828916955970,2573.31,5000
1344186474718,4426.23,5000
8105406884999,3707.91,5000
1727987539529,4248.51,5000
3793424036563,2510.76,5000
1814000706479,2358.99,5000
2431571768731,2625.81,5000
1796605923566,3951.92,5000
9110715009819,2958.66,5000
1461730711639,3673.38,5000
5054366503504,4384.86,5000
5228736578749,28.14,5000
3131626965465,3174.52,5000
3647336349193,46.8,5000
6314889813061,2210.83,5000
7589457935999,3059.14,5000
8401226016946,1005.73,5000
9152925868655,4253.93,5000
8428141523139,2607.42,5000
7792174801713,2796.31,5000
8372573716744,4455.32,5000
3537355934475,4564.37,5000
8135988713121,3612.16,5000
2002826552970,2931.45,5000
9061892967051,1740.25,5000
5798890380827,2029.13,5000
9125473761039,3417.97,5000
3808652620655,2858.34,5000
2577589302204,367.93,5000
7640049749132,1818.93,5000
6148111340135,2382.63,5000
9905590759345,990.25,5000
1426499659909,404.46,5000
3749284347739,3836.19,5000
3838523600200,682.2,5000
5710756297446,2762.79,5000
9094346538837,1383.88,5000
5249296287037,2468.86,5000
5336992639974,179.1,5000
9212803378852,3001.67,5000
2612771831043,2530.85,5000
3683957101181,4757.73,5000
5975488545080,1403.93,5000
4180657277342,1060.5,5000
4090810465099,2477.15,5000
7376731841498,4906.64,5000
5714321599393,4535.49,5000
9409144079834,4832.28,5000
8452963290290,4205.66,5000
3521296582606,3781.94,5000
5181946635072,4064.82,5000
1209504591117,2277.25,5000
1437450442337,1311.77,5000
9683702728154,1919.21,5000
8545457335456,4604.45,5000
3826841979891,3999.3,5000
4708055486874,2158.27,5000
5237361094980,4063.96,5000
1334667009336,3996.89,5000
8568075143467,4569.05,5000
9402409549359,3572.24,5000
9666437720073,3792.61,5000
4039844413004,3057.88,5000
3422934112220,4472.45,5000
1407373865637,3825.56,5000
3465992455611,143.87,5000
3035893983081,4613.01,5000
4861561843318,2351.71,5000
9304594165028,3387.39,5000
8296351391054,4856.98,5000
9459910253841,633.7,5000
5036536606157,2020.63,5000
2384692571265,1207.22,5000
3639833084463,4017.06,5000
1660890045943,2798.33,5000
6522311501952,2965.7,5000
8977555511093,3881.23,5000
4986120528333,3285.9,5000
3919292747193,735.11,5000
3972366033266,3254.37,5000
3785418246688,1660.2,5000
4967133832033,2157.92,5000
1744718148415,3060.4,5000
2921235466643,2098.17,5000
5612389467696,1192.37,5000
5626580556717,1688.94,5000
1083760557896,2004.25,5000
4178022729718,2296.45,5000
6942741011629,1679.43,5000
6970198348936,988.89,5000
8977441103902,3472.33,5000
9619663914031,529.88,5000
6402728803627,101.48,5000
2275171313679,2986.1,5000
2039048156905,4848.05,5000
9263951107202,3898.02,5000
5986125675949,2331,5000
5126923687697,929.49,5000
5986799480387,4096.28,5000
2139610859055,2631.1,5000
4988287294125,2767.75,5000
5156379620842,3510.23,5000
1300179053494,3683.27,5000
8076510775392,1803.98,5000
6813448799880,1811.83,5000
8484092445522,3722.4,5000
1624416800492,4059.65,5000
9686444182299,660.67,5000
5919085375609,3506.03,5000
5697424348692,102.4,5000
8927254316411,155.99,5000
8838790660832,3675.42,5000
2296011570144,1111.72,5000
9221294450933,2649.11,5000
6490816837098,270.4,5000
9494721476594,531.86,5000
4748999609530,3803.44,5000
3273486968164,2793.13,5000
1801366071706,841.35,5000
1000228928290,923.73,5000
6347964623467,618.6,5000
1669111887435,4490.47,5000
7888249410890,1787.65,5000
7240548796720,1857.74,5000
1999991827287,2250.88,5000
6745681160042,1200.13,5000
9172790776403,1383.86,5000
8685684113170,963,5000
2784821192129,4391.09,5000
9829427372778,2820.4,5000
8453123317895,2266.3,5000
4143027495300,3776.85,5000
2738930047057,3782.93,5000
5757069064934,1483.74,5000
1657188708904,138.56,5000
4481266974470,2786.8,5000
6775995654942,678.86,5000
7273979214454,3920.95,5000
9866131333898,649.07,5000
1379672302450,1298.26,5000
2243692648496,3090.38,5000
8434802826819,1609.26,5000
4425157065462,4918.05,5000
6606295418223,1840.29,5000
4675508557408,1358.99,5000
9340583026487,2858.55,5000
3896273819555,171.64,5000
2509867550135,510.1,5000
9226319761906,4328.87,5000
9497157294133,969.11,5000
1073761565967,1556.84,5000
7996184861954,2776.83,5000
1513960453886,2171.45,5000
9702758211514,3046.75,5000
3766516641309,2805.3,5000
8061861792897,1021.58,5000
3340304403366,3604.02,5000
1431236962100,2654.88,5000
3522760975786,4077.97,5000
7196160433735,4150.66,5000
6010059076156,4959.53,5000
7746655705619,529.06,5000
2740374244247,2397.18,5000
8651330869245,2898.54,5000
5381150181695,3766.53,5000
1066916811085,3303.45,5000
9454920102727,3276.19,5000
3519608062210,3780.2,5000
4192078549411,210.92,5000
3000034699870,3646.35,5000
8721508949016,1955.95,5000
1348588721796,982.54,5000
2196687370334,4407.44,5000
8925227453160,712.09,5000
2959590495131,3948.2,5000
6076006656516,1685.25,5000
4638318867043,4301.54,5000
8272072635622,3038.54,5000
3295993358742,1664.21,5000
2456301235097,1503.32,5000
6252539099501,1003.18,5000
9072298864020,1116.5,5000
9966135888978,2679.92,5000
3496337402195,2761.15,5000
9815223792935,4720.43,5000
4078393419185,4872.89,5000
7916687879207,1915.21,5000
4450813073079,4032.1,5000
2970933877479,65.48,5000
2909935269659,1479.76,5000
5209525539761,1258.68,5000
7706049807251,317.07,5000
5776311067781,887.47,5000
6887186214254,1396.94,5000
7896941604579,4786.23,5000
4314774916994,3610.17,5000
2667139273877,119.11,5000
1689531064826,1493.72,5000
1879312365977,305.05,5000
8416952210223,2291.43,5000
9482052028412,1201.6,5000
2155187942807,1167.34,5000
3915993831619,4393.29,5000
3507277429169,664.75,5000
5922654021111,470.68,5000
2125351748594,2849.58,5000
7048688213845,759.55,5000
7044103811760,4911.48,5000
3172323908275,2072.45,5000
2266943822644,3910.66,5000
7339859628164,3459.32,5000
5103878801074,4552.86,5000
8598095101830,2228.5,5000
1899794860842,3416.14,5000
4861301736768,4767.85,5000
9726999424856,1830.76,5000
6412348533328,2725.37,5000
2638443443674,3235.57,5000
5713408864344,2284.79,5000
5654494579652,4621.63,5000
6541979636478,4604.98,5000
1137594980311,4707.32,5000
4288249252610,3058.49,5000
8328987538555,4519.35,5000
5402931640773,4619.04,5000
7479459776996,1324.47,5000
8996439215864,4167.83,5000
2349372094817,4782.57,5000
1586140369095,2111.56,5000
9748468483185,4724.61,5000
1193686220857,213.82,5000
9015558545613,363.45,5000
9386890108675,1161.39,5000
9849419497045,4636.07,5000
8198987152681,3266.47,5000
5087200914820,2159.41,5000
8756579449878,3510.64,5000
8526086992832,746.97,5000
6298430364711,1151.9,5000
7608863707368,3109.42,5000
2010519728812,2348.53,5000
7701386087206,2075.32,5000
3753608147502,2347.85,5000
9509770082043,4630.07,5000
7057559840852,1007.48,5000
6258222581533,1950.02,5000
7777735923263,298.08,5000
3977400773475,316.92,5000
5207189515901,1350.35,5000
5704167226991,2640.96,5000
3937892200376,795.95,5000
6835122435611,4782.54,5000
3469887964746,1051.18,5000
2082516599213,4170.74,5000
6053928125054,3088.29,5000
2632296246918,2578.14,5000
3437577642563,1194.52,5000
6405656277142,992.63,5000
3822220799167,4593.88,5000
2722175684430,4379,5000
8518445398765,4911.63,5000
4444647412975,4377.2,5000
6800366740222,1461.02,5000
2191226332489,3281.25,5000
4539839785827,1138.11,5000
9322935707596,45.45,5000
7626172503305,3310.09,5000
4627665516055,2105.44,5000
8227144671976,3763.22,5000
1749960898292,4437.33,5000
2766398000879,2411.58,5000
2408730143064,2561.36,5000
8104153280662,728.83,5000
1471553689814,1757.26,5000
5500868431509,4768.03,5000
5625524250562,55.35,5000
9682563670652,1750.81,5000
3524463347943,2476.33,5000
4318121225270,3761.87,5000
6633892221884,3405.48,5000
1541004008485,3456.35,5000
1707877487777,4048.32,5000
3632959516284,762.55,5000
9188806266400,2404.37,5000
8188002409385,2277.77,5000
7473912315225,4691.41,5000
8536543401423,4068.6,5000
1603557303769,4235.75,5000
4574782329697,1142.17,5000
8677383796945,1964.71,5000
4999740676906,1009.97,5000
4446076084974,67.72,5000
5365903699724,2248.52,5000
8141658289296,1983.14,5000
7342238159284,3614.87,5000
2361148591099,311.05,5000
9071147007325,4661.9,5000
7049359127952,1765.37,5000
1459320943531,3032.6,5000
9438284954596,2618.81,5000
7073108358071,1916.43,5000
9427280666682,3190.38,5000
4871685977128,713.2,5000
6110803444754,851.37,5000
3949150066695,3653.78,5000
9221700003210,3895.04,5000
8481170603768,1792.39,5000
1880137534904,967.12,5000
9556407379248,4634.82,5000
5313946792389,3816.4,5000
2224948299625,2453.57,5000
3416203790983,3325.3,5000
5182823695075,4573.76,5000
7436541232058,2465.45,5000
2132267569996,953.33,5000
6074660140174,4534.8,5000
6601233443162,3806.81,5000
3631883403123,4834.27,5000
4774024572141,2177.38,5000
7197719046423,2594.26,5000
5643283720698,2979.57,5000
8163573804225,4689.76,5000
4805657954643,1213.6,5000
9392671284888,2365.84,5000
3408631974010,4450.26,5000
3459839360990,2664.54,5000
5666091187560,2835.72,5000
1458194713067,3389.36,5000
6398038582011,4672.98,5000
6485445929333,2701.77,5000
1292725379953,92.85,5000
4931503023114,710.99,5000
5833313703115,1686.74,5000
1115265105263,3063.3,5000
8133055357763,3521.55,5000
7531067255115,3432.58,5000
2079993069889,4266.43,5000
8663378490698,4697.65,5000
4128132971732,999.3,5000
3884179240330,4400.16,5000
2226698260883,2430.12,5000
8244540577212,837.2,5000
2369717258555,1631.86,5000
6880268828469,3063.19,5000
6351829837523,3351.52,5000
5358251747123,273.98,5000
8372386116030,1696.52,5000
2923622806841,589.49,5000
9334082759750,999.3,5000
6611518974744,2776.59,5000
6037764989174,2648.37,5000
2231270250754,1525.89,5000
2218402495182,2435.88,5000
4986688394176,2704.12,5000
6528587240770,2633.22,5000
6889905076417,3967.72,5000
9113239509649,973.35,5000
8847419545114,457.29,5000
1842645896463,4753.99,5000
7900364764002,4585.45,5000
4917896139461,2664.87,5000
8433039519561,2367.56,5000
3779732391851,4273.44,5000
4657209456939,511.17,5000
6790350205847,4580.91,5000
5456000674400,2906.09,5000
9829130300837,1505.61,5000
9995660859127,1697.13,5000
7899266282731,1778.14,5000
1753430358454,1610.54,5000
3876874056126,271.16,5000
1358112809629,4554.06,5000
6653612429482,4600.44,5000
7071517318381,236.49,5000
9524349468525,4461.64,5000
7828988834153,1286.02,5000
9603429331402,374.84,5000
6254617871587,1603.17,5000
5699006958605,1496.74,5000
8621864216853,243.96,5000
8015715043328,4559.41,5000
6759655692958,3000.25,5000
4910126786985,4899.5,5000
4594555131337,1670.01,5000
6853299625160,1304.29,5000
9619384042513,843.51,5000
2194936927110,3406.79,5000
7867963211182,4918.41,5000
3893129679901,2147.55,5000
4246882446570,1637.1,5000
7257317671675,3475.97,5000
3461845521987,4137.13,5000
7355115934515,786.53,5000
2363514942958,82.19,5000
5316209717823,4411.97,5000
6305294587403,210.52,5000
7431808327591,3713.52,5000
2803888601160,2499.22,5000
1399661004260,3003.81,5000
7225059682012,3601.35,5000
2750673576050,3338.47,5000
8945593475852,1940.32,5000
9010114011449,4988.35,5000
5880009202250,1815.64,5000
6455604298341,1543.17,5000
9911996466533,1812.48,5000
5596332204294,503.81,5000
1189186250852,3862.38,5000
1419771996724,4217.05,5000
7034649997118,3665.01,5000
7890627502933,1493.29,5000
1153356988947,2471.24,5000
6140448238714,3165.74,5000
1882375181621,280.7,5000
9652873220551,2051.29,5000
7411409190919,973.2,5000
1834463604071,2595.35,5000
1396386190374,2111.97,5000
5480845703884,3343.86,5000
8691044425993,2677.46,5000
4367259072602,2119.41,5000
8409169866870,4599.05,5000
7303364548209,71.47,5000
3367010847605,1114.09,5000
9683684848452,3654.9,5000
7673098907815,4595.08,5000
8891832348494,2030.66,5000
3456447286780,3892.75,5000
4950130169907,1607,5000
8753801878636,3698.08,5000
1773508897292,449.63,5000
1951307861983,4782.8,5000
3125649979339,1381.9,5000
1985476881995,741.8,5000
6543011507365,1312.23,5000
2815934390446,4141.97,5000
1086048697711,4843.32,5000
5538924407336,2495.9,5000
5283127919848,1028.8,5000
6550500131487,2749.07,5000
2625908892729,2675.38,5000
1301665469175,2083.75,5000
1094909045661,3467.91,5000
5706268366698,3572.13,5000
4120671914813,617.95,5000
2140263990863,1460.77,5000
4626390834693,4359.22,5000
6949162411574,2153.74,5000
1292079247597,2580.02,5000
4223139023230,4615.52,5000
5145759565629,4732.06,5000
3869798779695,3005.48,5000
6601966041249,4665.5,5000
6349933383435,1429.01,5000
7293583132247,1362.53,5000
6439759072459,1721.97,5000
3885900544223,4225.89,5000
5154926093230,1539.53,5000
8593347909201,3674.65,5000
9151232937896,570.99,5000
1246602362542,2360.38,5000
2163814006101,4153.59,5000
2859632017128,2778.17,5000
7055725414909,3019.39,5000
8226533510166,3697.24,5000
2928105018081,1948.4,5000
7662190417538,1320.71,5000
1072431050160,3470,5000
3463725666499,2037.09,5000
9770257380356,1112.7,5000
7558261780933,3512.27,5000
5204788563870,1407.58,5000
8352460137046,3481.46,5000
6147741638787,3549.95,5000
2018998943298,3858.82,5000
9869743500029,2019.81,5000
5550913676947,2597.26,5000
5390857688804,1437.97,5000
7892653457725,4507.4,5000
1897338319869,1383.35,5000
1489968800670,1745.73,5000
1902792790635,1462.75,5000
7221103548849,4152.48,5000
5642333225281,189.86,5000
1960629965372,4820.03,5000
3262766747096,1175.94,5000
2149661538407,2132.43,5000
8744529752177,3709.77,5000
2505576929262,1544.02,5000
1126070097644,197.69,5000
4051464786606,4340.89,5000
7833643915294,1300.91,5000
9514303682859,1257.53,5000
8494067186022,4413.3,5000
2590828271722,3657.49,5000
7196787142296,624.93,5000
3179155500469,2883.55,5000
1795065539959,851.81,5000
8163113617644,83.3,5000
3056297377727,4090.62,5000
9830694807769,3417.3,5000
5266257033577,3132.17,5000
4582315199002,998.47,5000
3333536147451,4984.67,5000
2376003928600,4855.94,5000
8296458268804,987.65,5000
6392855943366,1815.37,5000
1557474040513,1975.04,5000
2662417237615,3237,5000
8541587958922,1532.61,5000
5410279364981,3303.72,5000
1607865999579,3929.88,5000
7557649659835,209.05,5000
4943012570533,2574.88,5000
1110556051149,4828.18,5000
1301017914070,1625.33,5000
6278474416614,4141.5,5000
7819470306081,4411.97,5000
6568059662377,3785.66,5000
9201625747345,3495.54,5000
4951196431674,4841.23,5000
6497503694548,3706.16,5000
7330057444164,853.35,5000
8861600079184,4276.58,5000
7580675372338,784.67,5000
1788160343446,4235.11,5000
8337078734076,4989.18,5000
5174552364166,4406.54,5000
6464736272599,4535.05,5000
4072153067543,2996.4,5000
3032295467974,2874.27,5000
3893437181994,1694.7,5000
1546306756391,13.98,5000
5761031917586,1326.65,5000
6839988187484,3794.91,5000
7052872017882,694.87,5000
1354505434810,1152.21,5000
2488938464597,2155.31,5000
2949823001353,3019.31,5000
9896931899031,343.07,5000
3293489117326,3866.71,5000
2332273744324,1933.82,5000
1776146369369,838.03,5000
2665905079472,4934.61,5000
8492414276460,2569.78,5000
9226256873826,2669.27,5000
1436602596451,1746.51,5000
2732124874380,1472.12,5000
9229986528802,4382.62,5000
1882642788166,1072.89,5000
7474044560406,3108.11,5000
2064316397118,1414.26,5000
9670308916730,875.72,5000
6486801089292,110.73,5000
1674417155467,428.61,5000
3281371310334,322.3,5000
8454636660618,4726.11,5000
9307953112248,3586.6,5000
9226104240504,2746.36,5000
2882485415326,2621.1,5000
9828080443941,418.07,5000
1470046698218,3560.28,5000
1423314184460,1800.17,5000
4351106554799,1972.77,5000
7878069166549,4650.34,5000
2861050920899,2804.04,5000
7969358386101,1030.79,5000
4641705332522,2513.63,5000
4184453358089,4853.58,5000
9795710842369,139.87,5000
8223260550170,2027.05,5000
4419204369412,125.33,5000
6590961749709,4988.28,5000
7051678566402,4712.8,5000
9941162961326,3205.87,5000
1835957540223,4938.79,5000
3070053767311,3116.69,5000
5707755978919,4287.4,5000
6985090341267,1051.41,5000
6260559969338,1292.24,5000
3832725903764,88.69,5000
9614784973944,4449.34,5000
1002587095071,810.29,5000
9129644562002,263.63,5000
5489074424684,73.99,5000
4686149530796,4698.82,5000
4515419007311,2702.64,5000
6350640340790,3730.26,5000
6213319257418,4773.93,5000
4104129912568,2141.5,5000
2051901012187,40.03,5000
4251601142262,3715.33,5000
2559943776307,3625.17,5000
1493665827543,4443.62,5000
2869455315694,3375.23,5000
5501910766805,3923.31,5000
8547573911141,707.7,5000
9573640460921,3084.13,5000
3751591425264,915.55,5000
1034751985760,4401.85,5000
8610625259696,3357.13,5000
2054211221337,3337.48,5000
1728293608599,4376.11,5000
6726220767906,2053.76,5000
5148844286767,4328.78,5000
8114906651817,2491.76,5000
5606985210432,831.56,5000
7328317181349,4066.57,5000
3687838881711,4431.59,5000
5436300171287,2423.95,5000
7144407179907,155.56,5000
8327098612509,3666.98,5000
8146225157133,3428.62,5000
9771758117370,634.92,5000
2262148254506,1393.66,5000
8600796523602,2313.16,5000
4131759042093,316.08,5000
3468287156131,2607.6,5000
3111167419908,2744.21,5000
2253765660462,4248.62,5000
8105955397849,2573.59,5000
9612976428015,3832.87,5000
8676362405895,1866.47,5000
7528065875376,1878.53,5000
6421712224724,2052.97,5000
6465628634749,1027.59,5000
2133848574121,4961.22,5000
9367273360229,3012.13,5000
4263588260997,4928.1,5000
8754132134464,4447.85,5000
1965316315186,3358.96,5000
4174087673026,1464.26,5000
6234923941793,2069.39,5000
3017847973750,3188.6,5000
9113905448601,4937.36,5000
3821306917113,215.54,5000
5972102069654,649.88,5000
3415535776978,1756.41,5000
9219630135596,2298.12,5000
5921388819588,3435.06,5000
5436503375004,3046.22,5000
1973051588255,1596.88,5000
5605535848778,966.93,5000
9117577535199,4604.23,5000
2163954172662,1718.81,5000
9785047467355,2566.06,5000
8023995454304,2295.07,5000
3605370798475,2303.98,5000
2369948244531,4328.33,5000
1402748924114,3595.27,5000
9860496720827,3912.64,5000
6632194903818,1586.37,5000
4346303303538,1987.66,5000
9076079086855,347.39,5000
9752335964012,4349.57,5000
1393287944513,4134.71,5000
3343855847228,871,5000
6620349720571,3999.43,5000
9147362113850,787.6,5000
1940259090012,4751.95,5000
1144232799601,2868.52,5000
8016362837158,180.63,5000
7272733866046,4091.6,5000
7618355475940,280.47,5000
3853842962003,4397.15,5000
6531460157041,392.64,5000
9831387876229,3127.24,5000
9418301415944,4198.31,5000
2545260236463,1927.36,5000
2510802231263,2143.02,5000
5641674147610,3287.82,5000
8912346163719,2617.51,5000
7782068733179,2806.31,5000
7095998567502,1969.48,5000
1014042560822,2621.66,5000
3099670032832,2296.97,5000
5486607416044,3591.13,5000
8615290578571,4073.78,5000
6692253604312,4316.09,5000
7260872688653,2450.69,5000
2549038595986,4532.02,5000
3281531511303,4231.87,5000
9245742388933,863.41,5000
7693000610939,1065.84,5000
4974755360605,478.36,5000
7274332545080,3328.18,5000
8460345219081,715.05,5000
3110637018358,2424.19,5000
3035768149661,2959.29,5000
8114546179011,651.05,5000
4758181813825,2733.39,5000
8423260472162,906.72,5000
8422541400711,4853.16,5000
1383646461122,4999.83,5000
7811654695019,2440.08,5000
8919468077983,3978.11,5000
8406201948551,4147.47,5000
9451815150605,1870.66,5000
5365746702586,1769.87,5000
5451953924308,3482.49,5000
8342083455960,161.23,5000
7096026168669,3395.71,5000
6474339182952,4451.42,5000
1736088343597,2931.31,5000
1837947646249,4296.47,5000
2965738507128,3568.11,5000
4231747366041,161.63,5000
2140174239708,3.39,5000
8887311091447,700.86,5000
2611748505295,4563.36,5000
9643516977647,2028.59,5000
1428711457920,3675.41,5000
5821544980222,1418.56,5000
8156018650245,2026.59,5000
3714771187691,3209.98,5000
1082147309199,988.22,5000
4839748306064,939,5000
6696727056610,1103.6,5000
6032225334358,2508.37,5000
1276774861325,2361.9,5000
2233963689412,4487.09,5000
4260107872964,2677.82,5000
7458820983570,3281.36,5000
8823949114720,460.29,5000
3116277945907,1380.8,5000
8558147502696,2111.89,5000
3573946637904,3725.06,5000
2101772167906,2580.2,5000
4779652476537,2020.94,5000
9959310710268,555.3,5000
4283322265431,1008.14,5000
5248477931296,4836.78,5000
7172116474039,902.55,5000
8043342053642,4418.1,5000
4755250192337,818.9,5000
3946935669127,1680.04,5000
6308548103090,2331.44,5000
8269491120603,1975.95,5000
2568948902058,2369.81,5000
9676371515617,738.3,5000
6279028807408,2956.91,5000
3525279077644,4655.79,5000
6791048055889,1380.81,5000
6523520410729,913.77,5000
2585569873880,198.56,5000
4147275886092,2018.28,5000
2526293286590,49.17,5000
9907492447240,3977.32,5000
6701431020889,4499.52,5000
9922446343410,4548.15,5000
2991367846444,1352.91,5000
4714893564042,4046.6,5000
7041030590422,1999.72,5000
3371383672037,2752.44,5000
3821018998551,387.73,5000
1220806316735,3697.64,5000
4192176164922,4049.08,5000
9967546044877,3994.63,5000
2685221796191,334.72,5000
9197980340871,4515.26,5000
7742102937715,4373.92,5000
9633209686804,1230.56,5000
6458112375699,3582.97,5000
3649972502958,3071.43,5000
7282102480854,2704.28,5000
9988773661045,337.22,5000
7036899224951,1405.58,5000
2387782316532,1889.22,5000
3321393741308,3513.27,5000
5099467259125,4393.4,5000
8851342096507,1125.66,5000
1923050988677,533.92,5000
7329256173116,285,5000
2666795731266,2050.42,5000
4283868518888,2763.29,5000
8131912325448,4553.75,5000
6493750650569,2814.62,5000
9359818036194,98.13,5000
3118159130324,4793.49,5000
6768202513092,4172.41,5000
2370506949583,2656.35,5000
9047422985777,582.15,5000
2835039621982,940.74,5000
7751045871003,578.93,5000
5668933284811,2781.07,5000
7234672354861,508.59,5000
3839704442063,2045.35,5000
4049481313687,2109.99,5000
4004769228353,1963.18,5000
6996454481266,4812.46,5000
2972912248835,2345.59,5000
2620207969424,1911.12,5000
5578380756376,3431.47,5000
4674723597227,1770.33,5000
1368158820181,2754.31,5000
4029634973423,724.7,5000
4683412120001,4059.59,5000
5535806035325,3354.01,5000
1977126907107,4872.75,5000
8131602633230,2625.26,5000
9301947262175,1922.86,5000
3481071892520,1892.54,5000
3849208465492,1695.59,5000
9611924139811,2124.71,5000
7956799273786,2610.55,5000
9367592463895,1340.33,5000
7954339413755,249.18,5000
2994393541173,3866.5,5000
5385701751953,3768.3,5000
1377858290858,4971.63,5000
5716423107543,690.53,5000
1351581782572,1160.24,5000
2377195805922,4462.16,5000
5192915569763,2927.65,5000
2742333867322,672.75,5000
4450249339184,3053.05,5000
4910041437745,3408.54,5000
9697658980303,2256.24,5000
2751500147672,594.91,5000
1624987490849,39.37,5000
1078425616635,206.37,5000
5393302636701,1523.65,5000
9972566592401,3789.67,5000
5060842565851,1825.71,5000
7851695189251,2563.49,5000
2466946787714,4908.43,5000
4201498721834,1009.4,5000
7058375019194,306.63,5000
1330246506701,182.94,5000
7779808588825,3299.03,5000
9076534884841,567.96,5000
4477226937930,2437.83,5000
1214400606352,2297.93,5000
1068070116006,3600.05,5000
4481781424042,4841.88,5000
6534583096587,705.61,5000
4545138718182,3275.37,5000
4749040994906,4057.92,5000
2963447339264,2770.3,5000
9478120352139,3723.82,5000
5726420991560,280.02,5000
7437175358197,1203.39,5000
2474113001882,4385.54,5000
1319322022671,4366.65,5000
2357709095366,2476.51,5000
6944284312773,409.4,5000
8695885080021,1209.18,5000
5370909947197,673.14,5000
5996137411183,2536.84,5000
8008394164278,4933.4,5000
5599185670500,3083.69,5000
2413951570228,306.05,5000
2907364339903,1559.96,5000
2973098163770,4482.74,5000
9363691170379,40.42,5000
8193826830537,2966.7,5000
6676373693864,105.2,5000
5742835218543,1125.8,5000
4376297440050,485.46,5000
1019767987267,4865.48,5000
2377868358550,1255.53,5000
3060784279848,4761.59,5000
8341126952396,2069.59,5000
4811654689456,4448.49,5000
6351600270014,516.28,5000
9420799775933,388.28,5000
5855613742065,1791.78,5000
6889766600612,3026.75,5000
6873951686092,710.22,5000
2813358689982,4238.87,5000
4521983511388,1068.41,5000
4625528752632,3994.02,5000
5153063773703,3872.08,5000
7924347324960,3452.25,5000
6808061170082,3906.63,5000
4705344489908,3095.52,5000
1179434720439,3926.37,5000
5954191007951,3932.17,5000
8248151044052,1024.53,5000
2117012856520,630.35,5000
7913788811093,4079.48,5000
5131827935810,2774.13,5000
6567987727714,3657.86,5000
5537872463895,584.17,5000
6108480619243,3289.26,5000
6255088647887,236.92,5000
9667936041675,538.91,5000
3175667654651,3959.76,5000
3344690856366,154.79,5000
1169536949357,1822.59,5000
8856331296228,1408.8,5000
9500280960181,245.64,5000
1939691780067,239.06,5000
5584497028290,1711.44,5000
8907990023735,2662.65,5000
2842716603095,4847.1,5000
4193666090836,123.21,5000
3102545661553,3666.58,5000
6438110289999,4230.44,5000
8441907371716,2418.07,5000
5492575663114,4074.81,5000
9730264717963,4701.49,5000
5459965055999,1447.02,5000
8580412012910,2685.14,5000
8434228245793,4721.71,5000
5834594893783,956.03,5000
5370368157699,1666.03,5000
8448200959676,894.85,5000
2022476056602,3466.09,5000
6221081825742,2603.76,5000
8480345518506,2123.52,5000
1492307427287,4314.77,5000
4707443981658,563.25,5000
1273580363441,3657.16,5000
5543488350445,1671.99,5000
7438870572555,492.13,5000
6337658582558,1407.28,5000
1827473368190,4516.08,5000
9520567819063,4623.88,5000
4344351054039,3720.5,5000
9231549768895,901.05,5000
9212383239509,2372.78,5000
4233415753494,1754.36,5000
3972402133539,1949.94,5000
3841984188244,4054.06,5000
6010022500810,4546.13,5000
5858239504756,997.91,5000
7855446368827,1843,5000
3646306261421,541.94,5000
8564113701214,155.13,5000
3763186751941,4658.36,5000
6551333520533,3048.51,5000
3124800202259,164.94,5000
6451234576273,2984.57,5000
4805292288655,509.31,5000
2721642589968,3228.44,5000
6577065991974,744.83,5000
8196725708939,3928.15,5000
2899507894987,4626.08,5000
3292193084386,4872.99,5000
7036615075323,18.01,5000
9448792151135,1375,5000
4858293128417,1180.89,5000
5563510257624,2134.82,5000
6825290148227,926.46,5000
5178381051413,2194.94,5000
4720279625796,2542.54,5000
5282172023017,3063.08,5000
5823419693599,2908.44,5000
9751384217928,653.57,5000
6568350708684,3554.92,5000
7644594881655,3477.78,5000
4640321619549,709.18,5000
2210886323997,3093.18,5000
8450920734850,3979.44,5000
5972351062437,4766.37,5000
6018269765111,794.15,5000
4683132735000,662.54,5000
1966745291910,1924.53,5000
7738389266461,949.08,5000
5956816132848,698.37,5000
2474898254697,1348.39,5000
6295344139566,2064.32,5000
3558522351677,4378.95,5000
6328238338236,955.34,5000
2038874149959,2301.57,5000
6908741328343,1317.92,5000
7176448364798,4373.23,5000
4897409074989,3614.16,5000
5946951274982,3864.33,5000
3714553563511,2680.46,5000
2905926305887,1166.32,5000
6407035965703,2465.93,5000
5086130343216,2370.45,5000
9743351625881,126.42,5000
5409736823617,4172.47,5000
7376983804059,57.19,5000
2816913817420,676.61,5000
1784379217710,1240.8,5000
4665299606057,493.29,5000
4177509413915,1919.49,5000
4645763137944,3557.74,5000
3034967188126,3588.77,5000
8826769716411,601.01,5000
3239337600342,1847.77,5000
3652050663561,4820.14,5000
3933163707099,1065.87,5000
5619546880049,2407.52,5000
3626152546658,1854.11,5000
9929343716102,1318.39,5000
1847427497051,4191.77,5000
3748461114242,1568.73,5000
1543664887499,4930.46,5000
1256118413401,2224.32,5000
3450479209798,294.08,5000
5635577987553,412.13,5000
9345445272479,4383.66,5000
6555657917215,1928.85,5000
6540383946952,679.4,5000
7954255241485,102.55,5000
1730580030464,974.52,5000
7481769490172,1902.37,5000
6331199563247,3458.36,5000
5119245030665,677.21,5000
9916085579663,354.16,5000
9191102306972,4423.97,5000
6984385720463,4241.98,5000
2490656996322,3328.58,5000
9273442240554,3772.74,5000
5593429511516,3673.48,5000
6317710134785,2660.19,5000
6261634056138,4438.99,5000
4713022915179,4621.91,5000
8343446430191,2676.1,5000
6629113398513,3020.07,5000
6666033392961,2850.74,5000
6153234993822,4335.26,5000
1113376874131,3985.26,5000
2698044813043,3055.51,5000
8221109681900,3459.67,5000
5213783811867,2234.84,5000
8451722019519,3863.27,5000
9302487655008,1222.98,5000
9381405668113,541.49,5000
3385651001142,4245.84,5000
7721170006135,2307.17,5000
3559472918110,1949.56,5000
7770241996357,773.15,5000
2540231476906,2671.3,5000
6569415290508,1124.84,5000
5593354569413,3690,5000
7813686239685,3005.54,5000
3176926854929,2910.8,5000
6942901789720,197.57,5000
5433353665758,2510.79,5000
2403802441240,4165.97,5000
4281356182280,3947.39,5000
4496436144966,2832.83,5000
7641416375740,1853.12,5000
3401015382464,4557.55,5000
1949598933110,2622.03,5000
2576656221613,1038.21,5000
6550991072977,1998.37,5000
2805931279842,1003.36,5000
4905602628998,1810.32,5000
8413447735668,4697.25,5000
1289289702050,4397.29,5000
9729132192148,3043.42,5000
5468841037323,1049.18,5000
5757993422335,1945.64,5000
9345233271091,1355.68,5000
8087943296691,2195.92,5000
4321686631756,4094.58,5000
1433758739367,4756.44,5000
2380207114791,3473.52,5000
6318399320087,56.9,5000
8666329392311,3561.95,5000
3386717302741,3444.53,5000
6092970267025,2197.26,5000
9586542241027,3162.93,5000
4751366974941,836.1,5000
2768388197063,2265.07,5000
3362145924361,2676.92,5000
5786173456067,1542.25,5000
5512995816800,264.59,5000
9311881819888,922.94,5000
5788963431992,392.04,5000
7251212303875,2673.49,5000
3009200838621,1069.75,5000
5817837078235,2262.44,5000
4169579269623,2018.79,5000
8519332510171,1626.22,5000
1792732903298,3025.2,5000
7562965194726,1468.28,5000
2895576939755,2219.67,5000
8086475552211,2600.72,5000
1252745484810,4347.22,5000
4577555339868,1920.29,5000
1306730975309,1410.73,5000
5001852351406,1522.46,5000
3972679225173,3487.16,5000
3777349783688,3664.9,5000
8976730018883,1885.14,5000
4370177621969,2319.76,5000
6737790241234,941.13,5000
5241605433612,438.51,5000
2092501571359,1526.37,5000
1877146874002,4185.82,5000
8379629775308,4703.2,5000
9958001537270,729.59,5000
8365544494691,3651.25,5000
1151096498935,4320.76,5000
4146211799219,4574.83,5000
1456708849712,2016.11,5000
4904922541931,4985.48,5000
8350776186298,1424.75,5000
7699378128723,1383.72,5000
9614796247703,2913.29,5000
3015101841859,27.93,5000
7405038260464,2285.3,5000
5239837986185,3985.04,5000
1399960379296,2041.28,5000
7314972346654,1488.22,5000
7254064170684,3389.71,5000
9205818442556,3536.76,5000
1195695744961,1537.88,5000
9194187815911,3030.72,5000
7975868808807,4707.28,5000
5301299051770,3759.08,5000
5460029312806,55.48,5000
1116046185952,766.04,5000
3170926802231,749,5000
1355936565098,2233.79,5000
9468353735795,1242.1,5000
7840876735775,212.95,5000
6367045818492,2116.63,5000
7294411133058,452.73,5000
8900239212394,188.16,5000
6135459941989,3823.71,5000
5818678446770,4460.83,5000
8944601523025,3369.52,5000
6243215585182,2804.47,5000
2763494367064,4010.8,5000
8570591504161,748.42,5000
4223411847933,3366.69,5000
9518940677088,4555.81,5000
8835026859683,152.99,5000
2554917585121,4991.73,5000
5249538378063,3166.93,5000
5237900769655,1082.96,5000
9767222024773,1156.83,5000
6398722022524,933.17,5000
3763621117102,2208.35,5000
3122898966055,1273.1,5000
8672598051559,1826.74,5000
6526646540817,2261.28,5000
5869002743038,3564.06,5000
8815585080381,1804.63,5000
3011524274796,331.38,5000
8756071879053,654.16,5000
4176236445385,2834.48,5000
7127850783016,4011.42,5000
9850370084365,2499.62,5000
5991454810112,1190.16,5000
1294344648158,4901.26,5000
4222006511777,2510.13,5000
6132558031009,161.19,5000
3497958435627,180.48,5000
4184429432069,2732.75,5000
2967244968948,4585.03,5000
2750094041372,93.52,5000
2458465168204,2905.54,5000
9526162580647,4403.45,5000
2821932665800,1765.14,5000
8940561028206,1822.09,5000
1737904676093,4436.55,5000
5327356480143,294.41,5000
7914145644657,1655.62,5000
5820859028825,1072.3,5000
3097936020261,3286.46,5000
6393157897716,2776.58,5000
9279901385883,23.59,5000
7112514348300,4899.04,5000
9403884132718,3931.06,5000
5634421231126,516.16,5000
8920628326603,4196.28,5000
3394925314117,2187.48,5000
8358212724285,753.1,5000
9894402157032,4053.04,5000
9352920079127,2309.6,5000
6069957326475,4736.31,5000
2446314958123,1691.57,5000
5227281897151,3580.2,5000
3235960377318,1917.23,5000
7140003016541,1391.55,5000
8258009245678,1631.34,5000
5719439510105,3072.55,5000
8856127162581,4866.91,5000
5878502311568,1126.11,5000
6679861060599,722.61,5000
1753031810889,2490.53,5000
7378900198764,2992.54,5000
1106883939974,754.34,5000
5521740815320,4282.74,5000
4520012339419,4762.15,5000
1936231141831,4811.81,5000
4648875258810,1050.58,5000
5112662459756,3199.56,5000
8994551889264,687.41,5000
7634507059288,2974.67,5000
9655944597482,2638.18,5000
6944877433600,3580.42,5000
1825539587919,3593.05,5000
8372970598348,3016.69,5000
8390459998648,4547.06,5000
6818866702828,2636.92,5000
2890233496982,3683.49,5000
8401457439231,415.78,5000
5433341986771,3709.16,5000
8370649935504,2964.64,5000
1298541052809,4660.67,5000
2569344236255,485.95,5000
9731334982801,2265.36,5000
7269796247509,3924.75,5000
1672522608123,595.07,5000
8602096195355,4565.25,5000
4981057335514,2266.2,5000
9663914382277,403,5000
8613272845432,2101.21,5000
6128610276257,3796.8,5000
8530312539437,2683.06,5000
2661331190977,3460.37,5000
9771069750089,2551.23,5000
8343171649285,717.88,5000
4533823178016,2120.09,5000
8921697568288,1434.09,5000
1569198982175,3401.62,5000
3661013549411,3489.57,5000
3128119916217,854.35,5000
6918376033713,2064.03,5000
9211677726667,612.02,5000
1788210788541,4464.38,5000
5043498921134,1640.28,5000
3546988864615,3044.57,5000
8570094155700,3185.34,5000
6950429761216,3247.73,5000
3715963465941,3933.41,5000
9209340595601,2057.8,5000
2694002421804,2698.26,5000
6674190316640,1531.55,5000
8720909686885,537.09,5000
6679708751606,3478.85,5000
7760377367868,3413.87,5000
5837850318762,3186.06,5000
5671183614487,492.82,5000
3372212356114,4108.22,5000
2671915292609,3749.77,5000
9934463074004,4948.05,5000
8351437923464,1318.3,5000
7910504909840,4666.64,5000
7360192279119,3407.03,5000
8193657782062,1985.1,5000
2738281270414,1947.85,5000
5154831648146,55.67,5000
6708810324680,1730.57,5000
3050528919143,1761.04,5000
8339097321408,3964.73,5000
8487211871412,4279.87,5000
5620768339053,2641.84,5000
5473011783325,803.72,5000
2960551337224,2012.34,5000
4071025850354,2483.32,5000
7277065308496,4456.8,5000
3772411415839,4550.59,5000
2488062379258,1234.67,5000
6926018910988,3828.74,5000
7794179829661,4351.2,5000
7995945331794,3150.47,5000
9312945976509,2619.45,5000
4872819855245,3709.05,5000
8536630364990,2455.32,5000
7802756610512,3275.26,5000
4241326617991,3348.1,5000
4861322898754,892.11,5000
9153306312782,2062.19,5000
1997529579174,1512.76,5000
3584159567333,168.33,5000
4434566687570,3115.72,5000
2090068356683,629.53,5000
3357222366163,3287.19,5000
4537352681891,1179.73,5000
3520726673440,2160.64,5000
6456169162665,4879.09,5000
5161754749981,2360.59,5000
7132599476093,377.65,5000
1946777366841,1740.68,5000
7888879029593,2408.22,5000
1182159518818,4608.09,5000
7167418098147,4542.59,5000
1732118685878,191.75,5000
6855214166433,1561.38,5000
6031454437581,3647.79,5000
8324369310920,3645.19,5000
4306540020429,4141.16,5000
9846520149411,4229.64,5000
9855893640495,3462.79,5000
5216430708939,2975.27,5000
9885926366327,3300.52,5000
3540344762880,819.03,5000
4055172958388,3156.42,5000
4798537586210,778.36,5000
6116101320908,2765.15,5000
2304167884396,3489.1,5000
1236595665294,682.9,5000
4166549928395,1292.64,5000
1390534143790,3485.95,5000
4462642583967,434.96,5000
5521060159904,4593.79,5000
9423331357524,3362.54,5000
4127923635555,1710.07,5000
9443531422629,3794.32,5000
1403464608815,3008.12,5000
3750914226860,94.49,5000
4115513804558,3051.56,5000
4646074138027,3120.51,5000
6932844018862,585.85,5000
9478093862930,245.71,5000
8206851763153,1154.78,5000
1088172264373,4448.73,5000
1736267424908,1483.47,5000
6195821693283,4772.82,5000
3530747113889,1776.12,5000
7594932864361,4328.06,5000
8639753854962,4774.29,5000
1299030420802,1957.61,5000
7954836241681,4204,5000
1852970533718,1337.41,5000
1994502325642,2168.69,5000
5593159933000,4851.11,5000
5536414430598,2299.18,5000
2259513832055,1673.98,5000
1505523178923,4432.52,5000
2776384965298,533.46,5000
2543479213686,2347.1,5000
9268155749242,27.41,5000
8849207625568,806.95,5000
2931817572126,3522.58,5000
2380225697066,657.8,5000
4527618345048,2209.29,5000
3541766432057,4339.6,5000
8410313490023,1692.94,5000
4121733142461,3322.5,5000
5464058267586,3858.89,5000
8384438039865,907.33,5000
5222763899033,4636,5000
4102161470299,2084.21,5000
3430222997509,1945.03,5000
4004042417504,744.46,5000
9056332191721,758.79,5000
9094850214175,1630.52,5000
6301682153507,187.84,5000
3775809551550,3932.67,5000
1148693582845,4428.93,5000
9936992216701,2481.04,5000
4328931758385,1022.1,5000
5639406265750,3198.05,5000
9033270813631,2514.83,5000
6196760381700,3682.07,5000
9841801956214,1398.32,5000
1019150240541,733.7,5000
6549646960962,1470.11,5000
8145923166984,1305.3,5000
9862498825252,3870.84,5000
1230566706570,4911.33,5000
1075409539465,814.2,5000
6084217383503,4714.19,5000
7031475150220,4107.55,5000
8066356635798,4937.94,5000
2864897078801,1421.97,5000
8983647994701,4067.83,5000
7491092149827,3846.98,5000
8707464732964,2237.7,5000
7311752374627,381.12,5000
2045281980719,4957.16,5000
8249709058308,465.18,5000
8875895639954,3278.96,5000
8492828767637,1096.72,5000
6847533635939,1953,5000
4971537993165,3260.42,5000
9537695552879,3250.18,5000
1576062166765,2934.4,5000
5485347563794,3549.97,5000
8823398896170,2289.73,5000
5544967464955,1081.53,5000
1638242845254,2722.88,5000
3762587544213,1901.27,5000
4977770258201,3598.49,5000
4633319191638,4892.7,5000
6120246944431,3474.41,5000
1748030924117,2340.21,5000
3146628811151,4578.25,5000
3029358978740,4160.3,5000
9713897331004,2955.38,5000
8159609507612,2179.84,5000
5981100686719,3721.5,5000
5694542834275,4348.97,5000
3638713848382,4370.65,5000
1635211490545,2323.4,5000
1565058127054,1384.3,5000
8372102188909,3408.63,5000
3261680227282,2185.86,5000
7675947757378,1255.77,5000
8125911651334,4479.9,5000
9987501995506,1490.25,5000
6362914301693,1818.1,5000
8448897199597,921.32,5000
7628750532489,2856.15,5000
6821625307757,3211.08,5000
3864582545322,1903.84,5000
2691007672077,3376.83,5000
2838990962237,3274.81,5000
6336833659730,4707.75,5000
7865503554426,3908.27,5000
7131102402580,800.29,5000
9984589416613,4155.48,5000
9541244138885,3535.15,5000
9886683625962,3155.71,5000
6127052184360,1160.35,5000
9486092633762,2336.22,5000
1194320524522,2011.17,5000
1586199088988,4897.5,5000
6282289256825,2782.03,5000
8495126467262,1761.88,5000
6047903543974,2945.61,5000
7307272219893,2820.12,5000
5952775710486,849.56,5000
5874356903640,3789.02,5000
2272197620950,4492.22,5000
2225733821191,3045.33,5000
6471907086126,2038.69,5000
2007672484479,3031.64,5000
5254144056381,2101.38,5000
9604981072199,3841.25,5000
1174527894645,1071.81,5000
6840201029699,433.11,5000
2626432022624,3943.35,5000
5281699370582,578.1,5000
3710703607025,2369.31,5000
8782905700862,2824.14,5000
4210765880533,800.91,5000
2615240609594,1110.4,5000
4709786501157,3713.39,5000
7963882721961,4510.07,5000
5960146074912,1394.79,5000
6348760922449,207.95,5000
3606930980377,4521.4,5000
2056385054261,4177.69,5000
4245414428467,200.64,5000
6626406566557,3914.72,5000
6295718280597,3250.24,5000
3866710100067,4426.42,5000
2565765205348,1640.78,5000
1608157499372,3163.82,5000
2229691995043,690.65,5000
9335749217931,1212.45,5000
3959437236288,156.06,5000
3621385962175,3540.6,5000
3586423844273,3445.21,5000
3954950886457,527.51,5000
6849014330228,1557.57,5000
2198730531969,4345.62,5000
2750988358772,3751.98,5000
8994518149088,4915.81,5000
5585477770924,4335.29,5000
6214930092284,3370.6,5000
3802363456868,1596.42,5000
5923486625297,4397.93,5000
7101073134739,4135.92,5000
1153187850728,2787.86,5000
2727265121906,4697.55,5000
5847537410490,2797.74,5000
7521037178365,2230.91,5000
1460199320823,1459.85,5000
1891807037849,647.72,5000
6430111776758,3213.22,5000
5280563747886,4940.19,5000
9688761046727,3858.17,5000
9912965730942,4084.31,5000
6459631256151,4086.81,5000
5141897624014,11.55,5000
1224031177422,2665.28,5000
8747761995704,3777.58,5000
2873842642850,846.7,5000
5575135738865,2350.39,5000
7071426583780,4006.98,5000
9993070042254,2021.63,5000
6428801834673,4658.69,5000
4621604091762,4169.59,5000
4997086738167,9.87,5000
8963388301878,4927.32,5000
4897499611086,1716.45,5000
3949779322361,4128.58,5000
9982414924932,601.81,5000
1684544735868,213.53,5000
1762845968172,4992.6,5000
8699044298876,3167.87,5000
3689091516563,3691,5000
8264496753561,176.46,5000
1871503936923,2550.13,5000
1465870136443,1679.07,5000
7368549693535,3320.6,5000
8032556475085,4062.96,5000
1259646559152,379.38,5000
2311907612614,3630.28,5000
3632759042489,2793.25,5000
1082974071488,3168.98,5000
6805136709148,622.86,5000
1010304106407,2215.07,5000
8495438734024,2971.87,5000
7140929695319,3725.1,5000
2749222248948,3153.67,5000
1679175382547,4511.71,5000
7198520702175,4608.75,5000
5842002901369,3030.05,5000
6644690292863,804.79,5000
9483010143695,2405.4,5000
6674620136793,3610.51,5000
2081418193628,1116.02,5000
2015948938191,1633.53,5000
3027443966482,3508.12,5000
5702690972562,4444.26,5000
6059560351969,2613.2,5000
5658508228049,3971.55,5000
9424998833025,2579.56,5000
4744505652818,122.42,5000
4776099677654,2969.01,5000
2994682045833,3990.1,5000
4813360551088,2165.53,5000
1899391843405,1069.28,5000
3164225372258,797.12,5000
5743672023983,1506.4,5000
8452320717717,3093.43,5000
5804136374774,757.6,5000
1991917079903,3963.17,5000
1387118949072,4525.49,5000
3975799198318,175.84,5000
3354750719254,778.96,5000
8102686418122,4492.95,5000
5935665429755,2180.66,5000
8458500621882,2160.95,5000
4315926683866,3697.21,5000
6442383181730,4147.74,5000
3842327950461,3777.54,5000
2468751510976,2267.69,5000
1751706371171,4732.29,5000
9083887362027,986.04,5000
9186649871885,2593.12,5000
5382406236962,28.58,5000
4018285681030,868.75,5000
5034786962247,4270.34,5000
4206242445835,4012.7,5000
6618227890059,2786.21,5000
4122252950273,4751.27,5000
8823506276183,83.26,5000
6512239744576,3385.84,5000
9648751311116,4128.52,5000
9142560393853,2303.06,5000
6210470945418,179.16,5000
6165118209478,26.89,5000
2875224035388,3951.57,5000
6359352623774,2064.97,5000
2524092380869,2135.88,5000
5963323532957,1808.68,5000
6284231019990,4234.55,5000
8549113227619,4672.31,5000
5538295128193,502.79,5000
3131508550500,3187.66,5000
8673381140035,3616.87,5000
4564962624852,3670.45,5000
8393602428986,3514.56,5000
1507107408552,1696.34,5000
8752269885799,2496.17,5000
3326078887570,1330.79,5000
6492685623947,4769.47,5000
8409717620500,1683.62,5000
8955691156364,2649.13,5000
6258465319898,2819.7,5000
2072967555778,1664.75,5000
3365637357910,1551.06,5000
8733182171751,2142.53,5000
2190630617853,3673.59,5000
3970669607341,1684.19,5000
2473466362797,263.54,5000
5053841614200,2392.79,5000
4311562638960,31.72,5000
8932472332983,818.65,5000
8686257957515,1180.07,5000
6920037661284,685.62,5000
6913604044402,1080.7,5000
3492989807785,4141.22,5000
9660600886391,1844.19,5000
2405776265088,2401.59,5000
6849459309635,4911.72,5000
5499111744650,1061.03,5000
8445024293598,401.68,5000
